1402,Melondrama I,1280,1600,jpg,1402_MelondramaI_1280x1600.jpg
1403,Melondrama II,1280,1600,jpg,1403_MelondramaII_1280x1600.jpg
1405,Anapthalmiac,1280,1600,jpg,1405_Anapthalmiac_1280x1600.jpg
1409,Brooding Beauty,1280,1600,jpg,1409_BroodingBeauty_1280x1600.jpg
1410,Borderline,1260,1260,jpg,1410_Borderline_1260x1260.jpg
1411,The Sent Down Girl,1640,1200,jpg,1411_TheSentDownGirl_1640x1200.jpg
1416,The Creator,1220,1500,jpg,1416_TheCreator_1220x1500.jpg
1425,Patriot02 Pilot,1280,1280,jpg,1425_Patriot02Pilot_1280x1280.jpg
1501,Little Thoughts And Big Ideas,1440,1440,jpg,1501_LittleThoughtsAndBigIdeas_1440x1440.jpg
1502,You Are Beautiful Child Soldier,1080,792,jpg,1502_YouAreBeautifulChildSoldier_1080x792.jpg
1503,Final Round,1600,1200,jpg,1503_FinalRound_1600x1200.jpg
1504,Fellow Traveler,1400,1100,jpg,1504_FellowTraveler_1400x1100.jpg
1505,The Aftermath,1400,1100,jpg,1505_TheAftermath_1400x1100.jpg
1506,Silent Snow Leopard,1600,1200,jpg,1506_SilentSnowLeopard_1600x1200.jpg
1507,Lady Tiger Lily,1600,1200,jpg,1507_LadyTigerLily_1600x1200.jpg
1508,ACurated Demeanor,1600,1260,jpg,1508_ACuratedDemeanor_1600x1260.jpg
1510,Street Faggot,1280,1600,jpg,1510_StreetFaggot_1280x1600.jpg
1511,Queen Of Iron Fist,1280,1600,jpg,1511_QueenOfIronFist_1280x1600.jpg
1514,Baby Boy Dying Under Hot Desert Sun,1280,1600,jpg,1514_BabyBoyDyingUnderHotDesertSun_1280x1600.jpg
1515,Alpha Beta Prison Star,1280,1600,jpg,1515_AlphaBetaPrisonStar_1280x1600.jpg
1524,Face Off I,1600,1080,jpg,1524_FaceOffI_1600x1080.jpg
1525,Face Off II,1600,1080,jpg,1525_FaceOffII_1600x1080.jpg
1529,Digital Muse,1400,1400,jpg,1529_DigitalMuse_1400x1400.jpg
1530,Prof Arg,1400,1400,jpg,1530_ProfArg_1400x1400.jpg
1601,Galactic Sad,1600,1600,jpg,1601_GalacticSad_1600x1600.jpg
1603,Honey Suckle,1440,1440,jpg,1603_HoneySuckle_1440x1440.jpg
1604,Cosmic Traveller,1440,1429,jpg,1604_CosmicTraveller_1440x1429.jpg
1605,The Analysis,1440,1440,jpg,1605_TheAnalysis_1440x1440.jpg
1606,Oscar Mike Adventure Times,1440,1440,jpg,1606_OscarMikeAdventureTimes_1440x1440.jpg
1608,Magic Sad Main,1440,1152,jpg,1608_MagicSadMain_1440x1152.jpg
1609,Pilates At Seven Funeral At Eight,1440,1155,jpg,1609_PilatesAtSevenFuneralAtEight_1440x1155.jpg
1610,Le Dernier Jour,1440,1155,jpg,1610_LeDernierJour_1440x1155.jpg
1614,Inverse,1440,1132,jpg,1614_Inverse_1440x1132.jpg
1618,Sweat& Swagger,1440,1440,jpg,1618_Sweat&Swagger_1440x1440.jpg
1619,Internal Revolutions,1440,1440,jpg,1619_InternalRevolutions_1440x1440.jpg
1622,Little Girl With Orthopedic Brace,1440,1440,jpg,1622_LittleGirlWithOrthopedicBrace_1440x1440.jpg
1623,Midnight Run,1440,1130,jpg,1623_MidnightRun_1440x1130.jpg
1631,Tom Selleck02,1440,1440,jpg,1631_TomSelleck02_1440x1440.jpg
1632,Anti Beyond,1440,1440,jpg,1632_AntiBeyond_1440x1440.jpg
1633,Night Sweats IICrisis,1440,1152,jpg,1633_NightSweatsIICrisis_1440x1152.jpg
1634,Night Sweats IDeathbed,1800,1252,jpg,1634_NightSweatsIDeathbed_1800x1252.jpg
1635,Night Sweats IIIAHigher Call,1800,1252,jpg,1635_NightSweatsIIIAHigherCall_1800x1252.jpg
1637,Killing Time,1600,1200,jpg,1637_KillingTime_1600x1200.jpg
1639,Hesitation Mark,1440,1054,jpg,1639_HesitationMark_1440x1054.jpg
1640,Disappearing Act Tyler RIP,1600,1200,jpg,1640_DisappearingActTylerRIP_1600x1200.jpg
1646,Sailor,1440,1160,jpg,1646_Sailor_1440x1160.jpg
1705,Lady In Yellow01,1200,1200,jpg,1705_LadyInYellow01_1200x1200.jpg
1706,Lady In Yellow02,1200,1200,jpg,1706_LadyInYellow02_1200x1200.jpg
1707,Vague Is One Letter Away From Vogue,1200,1200,jpg,1707_VagueIsOneLetterAwayFromVogue_1200x1200.jpg
1708,Apex,1200,1200,jpg,1708_Apex_1200x1200.jpg
1709,The Way Of Zen,1600,1200,jpg,1709_TheWayOfZen_1600x1200.jpg
1710,An Act Of Virtue And Grace,1600,1200,jpg,1710_AnActOfVirtueAndGrace_1600x1200.jpg
1711,In Rainbows,1600,1200,jpg,1711_InRainbows_1600x1200.jpg
1712,The Comedy Of Humility,1600,1200,jpg,1712_TheComedyOfHumility_1600x1200.jpg
1713,From Infinity To Innovation,1440,1200,jpg,1713_FromInfinityToInnovation_1440x1200.jpg
1714,Endless Flowers,1440,1875,jpg,1714_EndlessFlowers_1440x1875.jpg
1717,Jackie II,1200,1200,jpg,1717_JackieII_1200x1200.jpg
1720,Faheed,1520,1200,jpg,1720_Faheed_1520x1200.jpg
1721,Pennywise,1600,1200,jpg,1721_Pennywise_1600x1200.jpg
1722,Night Cat,1200,1200,jpg,1722_NightCat_1200x1200.jpg
1724,Dawn,1200,1800,jpg,1724_Dawn_1200x1800.jpg
1725,Flower Girl,1500,1200,jpg,1725_FlowerGirl_1500x1200.jpg
1726,Neo Rauch,1200,1200,jpg,1726_NeoRauch_1200x1200.jpg
1727,Fabulous Thoughts,1500,1200,jpg,1727_FabulousThoughts_1500x1200.jpg
1728,Jordan Howard,1800,1200,jpg,1728_JordanHoward_1800x1200.jpg
1729,Bear,1600,11200,jpg,1729_Bear_1600x11200.jpg
1731,Landscape Illinois Project,1550,1080,jpg,1731_LandscapeIllinoisProject_1550x1080.jpg
1801,Color Study,1200,1600,jpg,1801_ColorStudy_1200x1600.jpg
1802,Duane,1250,1600,jpg,1802_Duane_1250x1600.jpg
1803,Paul,1250,1600,jpg,1803_Paul_1250x1600.jpg
1804,Mark Bradford,1440,1440,jpg,1804_MarkBradford_1440x1440.jpg
1805,Laylah Ali,1440,1440,jpg,1805_LaylahAli_1440x1440.jpg
1806,AMore Colorful Tomorrow,1440,1440,jpg,1806_AMoreColorfulTomorrow_1440x1440.jpg
1807,Cosmic Traveler,1220,1800,jpg,1807_CosmicTraveler_1220x1800.jpg
1808,Forbidden Fruit,2000,1200,jpg,1808_ForbiddenFruit_2000x1200.jpg
1810,IStill Remember,1440,1150,jpg,1810_IStillRemember_1440x1150.jpg
1811,No Homo,1200,1200,jpg,1811_NoHomo_1200x1200.jpg
1817,Sour Fruit,1200,1200,jpg,1817_SourFruit_1200x1200.jpg
1905,Gael,1200,1600,jpg,1905_Gael_1200x1600.jpg
1906,Dismay,1200,1600,jpg,1906_Dismay_1200x1600.jpg
1907,Sinking Feeling,1600,1200,jpg,1907_SinkingFeeling_1600x1200.jpg
1913,Aerobic Girl,1080,1080,jpg,1913_AerobicGirl_1080x1080.jpg
1914,Play Color,1600,1200,jpg,1914_PlayColor_1600x1200.jpg
1915,Belladonna,1080,1080,jpg,1915_Belladonna_1080x1080.jpg
1917,Crying Girl,1200,930,jpg,1917_CryingGirl_1200x930.jpg
1918,Daydreamer,1080,1080,jpg,1918_Daydreamer_1080x1080.jpg
1926,Mellody Hobson,1400,1680,jpg,1926_MellodyHobson_1400x1680.jpg
1931,Harrison Ford,900,1080,jpg,1931_HarrisonFord_900x1080.jpg
2001,Donna Zarcone,1400,1680,jpg,2001_DonnaZarcone_1400x1680.jpg
2002,Angry Bird,1240,1600,jpg,2002_AngryBird_1240x1600.jpg
2003,Panic Time,1440,1440,jpg,2003_PanicTime_1440x1440.jpg
2004,AStoic In Bloom,1440,1440,jpg,2004_AStoicInBloom_1440x1440.jpg
2005,Marissa,1260,1600,jpg,2005_Marissa_1260x1600.jpg
2008,Isaac,1260,1600,jpg,2008_Isaac_1260x1600.jpg